family	owner_table	field_code	wire_name	value_owner	value_column	position_table	presence	default_rule	evidence
logiqx	logiqx_documents	0	@build	logiqx_documents	build	logiqx_document_attribute_positions	optional; absent=NULL/no position; empty preserved; invalid=n/a	none	DOC11@38144; src/storage/db/schema.sql:logiqx_document_facts.build -> logiqx_documents.build; Complete Logiqx field-state and code ledger
logiqx	logiqx_documents	1	@debug	logiqx_documents	debug,debug_was_present	logiqx_document_attribute_positions	defaulted enum; absent=debug_was_present:0/no position; explicit=debug_was_present:1/position; empty/invalid reject	omitted=no; explicit default retained; closed=yes/no; strict XML-space/StandaloneExternal policy; compat exact tokens	DOC11@38144; src/storage/db/schema.sql:logiqx_document_facts.debug -> logiqx_documents.debug,debug_was_present; Complete Logiqx field-state and code ledger
logiqx	logiqx_clrmamepro_options	0	@header	logiqx_clrmamepro_options	header	logiqx_clrmamepro_option_positions	optional; absent=NULL/no position; empty preserved; invalid=n/a	none; retire current header_was_present	DOC11@38144; src/logiqx/header.rs:ClrMameProOptions.header -> logiqx_clrmamepro_options.header; Complete Logiqx field-state and code ledger
logiqx	logiqx_clrmamepro_options	1	@forcemerging	logiqx_clrmamepro_options	forcemerging,forcemerging_was_present	logiqx_clrmamepro_option_positions	defaulted enum; absent=forcemerging_was_present:0/no position; explicit=forcemerging_was_present:1/position; empty/invalid reject	omitted=split; explicit default retained; closed=none/split/full; strict XML-space/StandaloneExternal policy; compat exact tokens	DOC11@38144; src/logiqx/header.rs:ClrMameProOptions.forcemerging -> logiqx_clrmamepro_options.forcemerging,forcemerging_was_present; Complete Logiqx field-state and code ledger
logiqx	logiqx_clrmamepro_options	2	@forcenodump	logiqx_clrmamepro_options	forcenodump,forcenodump_was_present	logiqx_clrmamepro_option_positions	defaulted enum; absent=forcenodump_was_present:0/no position; explicit=forcenodump_was_present:1/position; empty/invalid reject	omitted=obsolete; explicit default retained; closed=obsolete/required/ignore; strict XML-space/StandaloneExternal policy; compat exact tokens	DOC11@38144; src/logiqx/header.rs:ClrMameProOptions.forcenodump -> logiqx_clrmamepro_options.forcenodump,forcenodump_was_present; Complete Logiqx field-state and code ledger
logiqx	logiqx_clrmamepro_options	3	@forcepacking	logiqx_clrmamepro_options	forcepacking,forcepacking_was_present	logiqx_clrmamepro_option_positions	defaulted enum; absent=forcepacking_was_present:0/no position; explicit=forcepacking_was_present:1/position; empty/invalid reject	omitted=zip; explicit default retained; closed=zip/unzip; strict XML-space/StandaloneExternal policy; compat exact tokens	DOC11@38144; src/logiqx/header.rs:ClrMameProOptions.forcepacking -> logiqx_clrmamepro_options.forcepacking,forcepacking_was_present; Complete Logiqx field-state and code ledger
logiqx	logiqx_romcenter_options	0	@plugin	logiqx_romcenter_options	plugin	logiqx_romcenter_option_positions	optional; absent=NULL/no position; empty preserved; invalid=n/a	none; retire current plugin_was_present	DOC11@38144; src/logiqx/header.rs:RomCenterOptions.plugin -> logiqx_romcenter_options.plugin; Complete Logiqx field-state and code ledger
logiqx	logiqx_romcenter_options	1	@rommode	logiqx_romcenter_options	rommode,rommode_was_present	logiqx_romcenter_option_positions	defaulted enum; absent=rommode_was_present:0/no position; explicit=rommode_was_present:1/position; empty/invalid reject	omitted=split; explicit default retained; closed=merged/split/unmerged; strict XML-space/StandaloneExternal policy; compat exact tokens	DOC11@38144; src/logiqx/header.rs:RomCenterOptions.rommode -> logiqx_romcenter_options.rommode,rommode_was_present; Complete Logiqx field-state and code ledger
logiqx	logiqx_romcenter_options	2	@biosmode	logiqx_romcenter_options	biosmode,biosmode_was_present	logiqx_romcenter_option_positions	defaulted enum; absent=biosmode_was_present:0/no position; explicit=biosmode_was_present:1/position; empty/invalid reject	omitted=split; explicit default retained; closed=merged/split/unmerged; strict XML-space/StandaloneExternal policy; compat exact tokens	DOC11@38144; src/logiqx/header.rs:RomCenterOptions.biosmode -> logiqx_romcenter_options.biosmode,biosmode_was_present; Complete Logiqx field-state and code ledger
logiqx	logiqx_romcenter_options	3	@samplemode	logiqx_romcenter_options	samplemode,samplemode_was_present	logiqx_romcenter_option_positions	defaulted enum; absent=samplemode_was_present:0/no position; explicit=samplemode_was_present:1/position; empty/invalid reject	omitted=merged; explicit default retained; closed=merged/unmerged; strict XML-space/StandaloneExternal policy; compat exact tokens	DOC11@38144; src/logiqx/header.rs:RomCenterOptions.samplemode -> logiqx_romcenter_options.samplemode,samplemode_was_present; Complete Logiqx field-state and code ledger
logiqx	logiqx_romcenter_options	4	@lockrommode	logiqx_romcenter_options	lockrommode,lockrommode_was_present	logiqx_romcenter_option_positions	defaulted enum; absent=lockrommode_was_present:0/no position; explicit=lockrommode_was_present:1/position; empty/invalid reject	omitted=no; explicit default retained; closed=yes/no; strict XML-space/StandaloneExternal policy; compat exact tokens	DOC11@38144; src/logiqx/header.rs:RomCenterOptions.lockrommode -> logiqx_romcenter_options.lockrommode,lockrommode_was_present; Complete Logiqx field-state and code ledger
logiqx	logiqx_romcenter_options	5	@lockbiosmode	logiqx_romcenter_options	lockbiosmode,lockbiosmode_was_present	logiqx_romcenter_option_positions	defaulted enum; absent=lockbiosmode_was_present:0/no position; explicit=lockbiosmode_was_present:1/position; empty/invalid reject	omitted=no; explicit default retained; closed=yes/no; strict XML-space/StandaloneExternal policy; compat exact tokens	DOC11@38144; src/logiqx/header.rs:RomCenterOptions.lockbiosmode -> logiqx_romcenter_options.lockbiosmode,lockbiosmode_was_present; Complete Logiqx field-state and code ledger
logiqx	logiqx_romcenter_options	6	@locksamplemode	logiqx_romcenter_options	locksamplemode,locksamplemode_was_present	logiqx_romcenter_option_positions	defaulted enum; absent=locksamplemode_was_present:0/no position; explicit=locksamplemode_was_present:1/position; empty/invalid reject	omitted=no; explicit default retained; closed=yes/no; strict XML-space/StandaloneExternal policy; compat exact tokens	DOC11@38144; src/logiqx/header.rs:RomCenterOptions.locksamplemode -> logiqx_romcenter_options.locksamplemode,locksamplemode_was_present; Complete Logiqx field-state and code ledger
logiqx	logiqx_games	0	@name	catalog_sets	set_name	logiqx_game_attribute_positions	required; empty preserved; invalid=n/a; missing rejects	none	DOC11@38144; src/storage/catalog_import.rs:insert_logiqx_set_facts; current catalog_sets.set_name -> catalog_sets.set_name; common set_id owns name once; Complete Logiqx field-state and code ledger
logiqx	logiqx_games	1	@sourcefile	logiqx_games	sourcefile	logiqx_game_attribute_positions	optional; absent=NULL/no position; empty preserved; invalid=n/a	none	DOC11@38144; src/storage/catalog_import.rs:insert_logiqx_set_facts; current logiqx_games.source_file -> logiqx_games.sourcefile; current SQL source_file -> sourcefile; Complete Logiqx field-state and code ledger
logiqx	logiqx_games	2	@isbios	logiqx_games	isbios,isbios_was_present	logiqx_game_attribute_positions	defaulted enum; absent=isbios_was_present:0/no position; explicit=isbios_was_present:1/position; empty/invalid reject	omitted=no; explicit default retained; closed=yes/no; strict XML-space/StandaloneExternal policy; compat exact tokens	DOC11@38144; src/storage/catalog_import.rs:insert_logiqx_set_facts; current logiqx_games.is_bios/is_bios_was_present -> logiqx_games.isbios,isbios_was_present; current SQL is_bios/is_bios_was_present -> isbios/isbios_was_present; Complete Logiqx field-state and code ledger
logiqx	logiqx_games	3	@cloneof	logiqx_set_links	target_name	logiqx_game_attribute_positions	optional; absent=no link row/no position; empty preserved; invalid=n/a	none; link_kind=cloneof; position.relationship_id links same canonical relationship	DOC11@38144; src/storage/catalog_import.rs:insert_logiqx_set_facts; current logiqx_set_links.target_name(link_kind=cloneof) -> logiqx_set_links.target_name; Complete Logiqx field-state and code ledger
logiqx	logiqx_games	4	@romof	logiqx_set_links	target_name	logiqx_game_attribute_positions	optional; absent=no link row/no position; empty preserved; invalid=n/a	none; link_kind=romof; position.relationship_id links same canonical relationship	DOC11@38144; src/storage/catalog_import.rs:insert_logiqx_set_facts; current logiqx_set_links.target_name(link_kind=romof) -> logiqx_set_links.target_name; Complete Logiqx field-state and code ledger
logiqx	logiqx_games	5	@sampleof	logiqx_set_links	target_name	logiqx_game_attribute_positions	optional; absent=no link row/no position; empty preserved; invalid=n/a	none; link_kind=sampleof; position.relationship_id links same canonical relationship	DOC11@38144; src/storage/catalog_import.rs:insert_logiqx_set_facts; current logiqx_set_links.target_name(link_kind=sampleof) -> logiqx_set_links.target_name; Complete Logiqx field-state and code ledger
logiqx	logiqx_games	6	@board	logiqx_games	board	logiqx_game_attribute_positions	optional; absent=NULL/no position; empty preserved; invalid=n/a	none	DOC11@38144; src/storage/catalog_import.rs:insert_logiqx_set_facts; current logiqx_games.board -> logiqx_games.board; Complete Logiqx field-state and code ledger
logiqx	logiqx_games	7	@rebuildto	logiqx_games	rebuildto	logiqx_game_attribute_positions	optional; absent=NULL/no position; empty preserved; invalid=n/a	none	DOC11@38144; src/storage/catalog_import.rs:insert_logiqx_set_facts; current logiqx_games.rebuild_to -> logiqx_games.rebuildto; current SQL rebuild_to -> rebuildto; Complete Logiqx field-state and code ledger
logiqx	logiqx_releases	0	@name	logiqx_releases	name	logiqx_release_attribute_positions	required; empty preserved; invalid=n/a; missing rejects	none	DOC11@38144; src/logiqx/game.rs:Release.name -> logiqx_releases.name; Complete Logiqx field-state and code ledger
logiqx	logiqx_releases	1	@region	logiqx_releases	region	logiqx_release_attribute_positions	required; empty preserved; invalid=n/a; missing rejects	none	DOC11@38144; src/logiqx/game.rs:Release.region -> logiqx_releases.region; Complete Logiqx field-state and code ledger
logiqx	logiqx_releases	2	@language	logiqx_releases	language	logiqx_release_attribute_positions	optional; absent=NULL/no position; empty preserved; invalid=n/a	none	DOC11@38144; src/logiqx/game.rs:Release.language -> logiqx_releases.language; Complete Logiqx field-state and code ledger
logiqx	logiqx_releases	3	@date	logiqx_releases	date	logiqx_release_attribute_positions	optional; absent=NULL/no position; empty preserved; invalid=n/a	none	DOC11@38144; src/logiqx/game.rs:Release.date -> logiqx_releases.date; Complete Logiqx field-state and code ledger
logiqx	logiqx_releases	4	@default	logiqx_releases	default,default_was_present	logiqx_release_attribute_positions	defaulted enum; absent=default_was_present:0/no position; explicit=default_was_present:1/position; empty/invalid reject	omitted=no; explicit default retained; closed=yes/no; strict XML-space/StandaloneExternal policy; compat exact tokens	DOC11@38144; src/logiqx/game.rs:Release.default -> logiqx_releases.default,default_was_present; Complete Logiqx field-state and code ledger
logiqx	logiqx_bios_sets	0	@name	logiqx_bios_sets	name	logiqx_bios_attribute_positions	required; empty preserved; invalid=n/a; missing rejects	none	DOC11@38144; src/logiqx/game.rs:BiosSet.name -> logiqx_bios_sets.name; Complete Logiqx field-state and code ledger
logiqx	logiqx_bios_sets	1	@description	logiqx_bios_sets	description	logiqx_bios_attribute_positions	required; empty preserved; invalid=n/a; missing rejects	none	DOC11@38144; src/logiqx/game.rs:BiosSet.description -> logiqx_bios_sets.description; Complete Logiqx field-state and code ledger
logiqx	logiqx_bios_sets	2	@default	logiqx_bios_sets	is_default,default_was_present	logiqx_bios_attribute_positions	defaulted enum; absent=default_was_present:0/no position; explicit=default_was_present:1/position; empty/invalid reject	omitted=no; explicit default retained; closed=yes/no; strict XML-space/StandaloneExternal policy; compat exact tokens	DOC11@38144; src/logiqx/game.rs:BiosSet.default -> logiqx_bios_sets.is_default,default_was_present; Complete Logiqx field-state and code ledger
logiqx	logiqx_roms	0	@name	logiqx_roms	name	logiqx_rom_attribute_positions	required; empty preserved; invalid=n/a; missing rejects	none	DOC11@38144; src/logiqx/rom.rs:Rom.name -> logiqx_roms.name; Complete Logiqx field-state and code ledger
logiqx	logiqx_roms	1	@size	logiqx_roms	size_text	logiqx_rom_attribute_positions	strict required; compat optional; absent=NULL/no position; empty/invalid/overflow text preserved	none; size_value checked ASCII decimal 0..i64MAX virtual projection	DOC11@38144; src/logiqx/rom.rs:Rom.size -> logiqx_roms.size_text; Complete Logiqx field-state and code ledger
logiqx	logiqx_roms	2	@crc	catalog_entry_hashes	presence,hash_id,reported_text	logiqx_rom_attribute_positions	optional; absent=no declaration/position; present=empty/invalid/value shared declaration	none; exact 8-digit ASCII hex -> hash_values.bytes via hash_id; shared reported_text is sole lexical override; unknown scope absent rule evidence	DOC11@38144; src/logiqx/rom.rs:Rom.crc -> catalog_entry_hashes.presence,hash_id,reported_text; current logiqx_rom_claims.crc_text + normalized assertion -> sole declaration; source_hash_field=crc; Complete Logiqx field-state and code ledger
logiqx	logiqx_roms	3	@sha1	catalog_entry_hashes	presence,hash_id,reported_text	logiqx_rom_attribute_positions	optional; absent=no declaration/position; present=empty/invalid/value shared declaration	none; exact 40-digit ASCII hex -> hash_values.bytes via hash_id; shared reported_text is sole lexical override; unknown scope absent rule evidence	DOC11@38144; src/logiqx/rom.rs:Rom.sha1 -> catalog_entry_hashes.presence,hash_id,reported_text; current logiqx_rom_claims.sha1_text + normalized assertion -> sole declaration; source_hash_field=sha1; Complete Logiqx field-state and code ledger
logiqx	logiqx_roms	4	@md5	catalog_entry_hashes	presence,hash_id,reported_text	logiqx_rom_attribute_positions	optional; absent=no declaration/position; present=empty/invalid/value shared declaration	none; exact 32-digit ASCII hex -> hash_values.bytes via hash_id; shared reported_text is sole lexical override; unknown scope absent rule evidence	DOC11@38144; src/logiqx/rom.rs:Rom.md5 -> catalog_entry_hashes.presence,hash_id,reported_text; current logiqx_rom_claims.md5_text + normalized assertion -> sole declaration; source_hash_field=md5; Complete Logiqx field-state and code ledger
logiqx	logiqx_roms	5	@merge	logiqx_rom_merges	merge_name	logiqx_rom_attribute_positions	optional; absent=no facet/no position; empty preserved; invalid=n/a	none; position.relationship_id links same relationship	DOC11@38144; src/logiqx/rom.rs:Rom.merge -> logiqx_rom_merges.merge_name; current logiqx_file_merges(logiqx_rom).merge_name -> split ROM facet; Complete Logiqx field-state and code ledger
logiqx	logiqx_roms	6	@status	logiqx_roms	status,status_specified	logiqx_rom_attribute_positions	defaulted enum; absent=status_specified:0/no position; explicit=status_specified:1/position; empty/invalid reject	omitted=good; explicit default retained; closed=good/baddump/nodump/verified; strict XML-space/StandaloneExternal policy; compat exact tokens	DOC11@38144; src/logiqx/rom.rs:Rom.status -> logiqx_roms.status,status_specified; current dump_status/status_was_present -> status/status_specified; Complete Logiqx field-state and code ledger
logiqx	logiqx_roms	7	@date	logiqx_roms	date	logiqx_rom_attribute_positions	optional; absent=NULL/no position; empty preserved; invalid=n/a	none	DOC11@38144; src/logiqx/rom.rs:Rom.date -> logiqx_roms.date; Complete Logiqx field-state and code ledger
logiqx	logiqx_roms	8	@serial	logiqx_rom_compatibility	serial	logiqx_rom_attribute_positions	compat optional; strict rejects; absent=no facet/position; empty preserved; invalid=n/a	none	DOC11@38144; src/logiqx/rom.rs:Rom.serial -> logiqx_rom_compatibility.serial; current logiqx_rom_claims.serial -> sparse facet; Complete Logiqx field-state and code ledger
logiqx	logiqx_disks	0	@name	logiqx_disks	name	logiqx_disk_attribute_positions	required; empty preserved; invalid=n/a; missing rejects	none	DOC11@38144; src/logiqx/rom.rs:Disk.name -> logiqx_disks.name; Complete Logiqx field-state and code ledger
logiqx	logiqx_disks	1	@sha1	catalog_entry_hashes	presence,hash_id,reported_text	logiqx_disk_attribute_positions	optional; absent=no declaration/position; present=empty/invalid/value shared declaration	none; exact 40-digit ASCII hex -> hash_values.bytes via hash_id; shared reported_text is sole lexical override; unknown scope absent rule evidence	DOC11@38144; src/logiqx/rom.rs:Disk.sha1 -> catalog_entry_hashes.presence,hash_id,reported_text; current logiqx_disk_claims.sha1_text -> shared source_hash_field=sha1; Complete Logiqx field-state and code ledger
logiqx	logiqx_disks	2	@md5	catalog_entry_hashes	presence,hash_id,reported_text	logiqx_disk_attribute_positions	optional; absent=no declaration/position; present=empty/invalid/value shared declaration	none; exact 32-digit ASCII hex -> hash_values.bytes via hash_id; shared reported_text is sole lexical override; unknown scope absent rule evidence	DOC11@38144; src/logiqx/rom.rs:Disk.md5 -> catalog_entry_hashes.presence,hash_id,reported_text; current logiqx_disk_claims.md5_text -> shared source_hash_field=md5; Complete Logiqx field-state and code ledger
logiqx	logiqx_disks	3	@merge	logiqx_disk_merges	merge_name	logiqx_disk_attribute_positions	optional; absent=no facet/no position; empty preserved; invalid=n/a	none; position.relationship_id links same relationship	DOC11@38144; src/logiqx/rom.rs:Disk.merge -> logiqx_disk_merges.merge_name; current logiqx_file_merges(logiqx_disk).merge_name -> split disk facet; Complete Logiqx field-state and code ledger
logiqx	logiqx_disks	4	@status	logiqx_disks	status,status_specified	logiqx_disk_attribute_positions	defaulted enum; absent=status_specified:0/no position; explicit=status_specified:1/position; empty/invalid reject	omitted=good; explicit default retained; closed=good/baddump/nodump/verified; strict XML-space/StandaloneExternal policy; compat exact tokens	DOC11@38144; src/logiqx/rom.rs:Disk.status -> logiqx_disks.status,status_specified; current dump_status/status_was_present -> status/status_specified; Complete Logiqx field-state and code ledger
logiqx	logiqx_samples	0	@name	logiqx_samples	name	logiqx_sample_attribute_positions	required; empty preserved; invalid=n/a; missing rejects	none; no inferred hash/size/UUID	DOC11@38144; src/logiqx/game.rs:Sample.name -> logiqx_samples.name; Complete Logiqx field-state and code ledger
logiqx	logiqx_archive_references	0	@name	logiqx_archive_references	archive_name	logiqx_archive_attribute_positions	required; empty preserved; invalid=n/a; missing rejects	none	DOC11@38144; src/logiqx/game.rs:Archive.name -> logiqx_archive_references.archive_name; Complete Logiqx field-state and code ledger
logiqx	logiqx_device_references	0	@name	logiqx_device_references	target_name	logiqx_device_reference_attribute_positions	compat required attribute when device_ref present; strict rejects; empty preserved	none; relationship_id joins reported relationship	DOC11@38144; src/logiqx/game.rs:DeviceReference.name -> logiqx_device_references.target_name; Complete Logiqx field-state and code ledger
logiqx	logiqx_header_text_elements	name	<header>/<name>	logiqx_header_text_elements	text_value	-	required singleton element-text when header present; empty preserved	none; preserve decoded direct text/CDATA whitespace; no date interpretation	DOC11@38144; Normative target text-child ownership; native field_kind=0; current logiqx_document_facts.header_name -> typed text child; src/logiqx/header.rs:Header
logiqx	logiqx_header_text_elements	description	<header>/<description>	logiqx_header_text_elements	text_value	-	strict required when header present; compat optional singleton element-text; absent=no row; empty preserved; invalid=n/a	none; preserve decoded direct text/CDATA whitespace; no date interpretation	DOC11@38144; Normative target text-child ownership; native field_kind=1; current logiqx_document_facts.header_description -> typed text child; src/logiqx/header.rs:Header
logiqx	logiqx_header_text_elements	category	<header>/<category>	logiqx_header_text_elements	text_value	-	optional singleton element-text; absent=no row; empty preserved; invalid=n/a	none; preserve decoded direct text/CDATA whitespace; no date interpretation	DOC11@38144; Normative target text-child ownership; native field_kind=2; current logiqx_document_facts.header_category -> typed text child; src/logiqx/header.rs:Header
logiqx	logiqx_header_text_elements	version	<header>/<version>	logiqx_header_text_elements	text_value	-	strict required when header present; compat optional singleton element-text; absent=no row; empty preserved; invalid=n/a	none; preserve decoded direct text/CDATA whitespace; no date interpretation	DOC11@38144; Normative target text-child ownership; native field_kind=3; current logiqx_document_facts.header_version -> typed text child; src/logiqx/header.rs:Header
logiqx	logiqx_header_text_elements	date	<header>/<date>	logiqx_header_text_elements	text_value	-	optional singleton element-text; absent=no row; empty preserved; invalid=n/a	none; preserve decoded direct text/CDATA whitespace; no date interpretation	DOC11@38144; Normative target text-child ownership; native field_kind=4; current logiqx_document_facts.header_date -> typed text child; src/logiqx/header.rs:Header
logiqx	logiqx_header_text_elements	author	<header>/<author>	logiqx_header_text_elements	text_value	-	strict required when header present; compat optional singleton element-text; absent=no row; empty preserved; invalid=n/a	none; preserve decoded direct text/CDATA whitespace; no date interpretation	DOC11@38144; Normative target text-child ownership; native field_kind=5; current logiqx_document_facts.header_author -> typed text child; src/logiqx/header.rs:Header
logiqx	logiqx_header_text_elements	email	<header>/<email>	logiqx_header_text_elements	text_value	-	optional singleton element-text; absent=no row; empty preserved; invalid=n/a	none; preserve decoded direct text/CDATA whitespace; no date interpretation	DOC11@38144; Normative target text-child ownership; native field_kind=6; current logiqx_document_facts.header_email -> typed text child; src/logiqx/header.rs:Header
logiqx	logiqx_header_text_elements	homepage	<header>/<homepage>	logiqx_header_text_elements	text_value	-	optional singleton element-text; absent=no row; empty preserved; invalid=n/a	none; preserve decoded direct text/CDATA whitespace; no date interpretation	DOC11@38144; Normative target text-child ownership; native field_kind=7; current logiqx_document_facts.header_homepage -> typed text child; src/logiqx/header.rs:Header
logiqx	logiqx_header_text_elements	url	<header>/<url>	logiqx_header_text_elements	text_value	-	optional singleton element-text; absent=no row; empty preserved; invalid=n/a	none; preserve decoded direct text/CDATA whitespace; no date interpretation	DOC11@38144; Normative target text-child ownership; native field_kind=8; current logiqx_document_facts.header_url -> typed text child; src/logiqx/header.rs:Header
logiqx	logiqx_header_text_elements	comment	<header>/<comment>	logiqx_header_text_elements	text_value	-	optional singleton element-text; absent=no row; empty preserved; invalid=n/a	none; preserve decoded direct text/CDATA whitespace; no date interpretation	DOC11@38144; Normative target text-child ownership; native field_kind=9; current logiqx_document_facts.header_comment -> typed text child; src/logiqx/header.rs:Header
logiqx	logiqx_game_text_elements	description	<game>/<description>	logiqx_game_text_elements	text_value	-	strict required singleton element-text; compat optional singleton element-text; absent=no row; empty preserved; invalid=n/a	none; preserve decoded direct text/CDATA whitespace; year remains text	DOC11@38144; Normative target text-child ownership; native field_kind=0; src/logiqx/game.rs:Game.description -> typed child; Exact Logiqx child/media key crosswalk
logiqx	logiqx_game_text_elements	year	<game>/<year>	logiqx_game_text_elements	text_value	-	optional singleton element-text; absent=no row; empty preserved; invalid=n/a	none; preserve decoded direct text/CDATA whitespace; year remains text	DOC11@38144; Normative target text-child ownership; native field_kind=1; src/logiqx/game.rs:Game.year -> typed child; Exact Logiqx child/media key crosswalk
logiqx	logiqx_game_text_elements	manufacturer	<game>/<manufacturer>	logiqx_game_text_elements	text_value	-	optional singleton element-text; absent=no row; empty preserved; invalid=n/a	none; preserve decoded direct text/CDATA whitespace; year remains text	DOC11@38144; Normative target text-child ownership; native field_kind=2; src/logiqx/game.rs:Game.manufacturer -> typed child; Exact Logiqx child/media key crosswalk
logiqx	logiqx_game_comments	comment	<game>/<comment>	logiqx_game_comments	comment_text	-	optional repeated element-text; absent=no row; empty/identical values preserved	none; actual game child sequence; no family rank	DOC11@38144; Normative target text-child ownership; src/logiqx/game.rs:Game.comments -> global child ID; current logiqx_game_comments.comment_text
logiqx	logiqx_root_file_names	file_name	<datafile>/<file_name>	logiqx_root_file_names	file_name	-	compat optional singleton element-text; strict rejects; absent=no row; empty preserved	none; never acquisition path; own raw root sequence	DOC11@38144; Logiqx accepted root fields; current logiqx_document_facts.file_name -> typed root child; src/logiqx/data_file.rs:DocumentMetadata.file_name
logiqx	logiqx_root_sha1_elements	sha1	<datafile>/<sha1>	logiqx_root_sha1_elements	hash_id	-	compat optional singleton element-text; strict rejects; absent=no row; empty/invalid reject	none; trim direct text; valid 40 hex digits -> hash_values.bytes via hash_id; scope unknown; lexical retained externally	DOC11@38144; Logiqx accepted root fields; current logiqx_document_facts.sha1 -> typed non-media root child; parse_datafile_sha1
clrmamepro	clrmamepro_headers	0	name	clrmamepro_headers	name	clrmamepro_header_field_positions	optional; absent=NULL/no position; empty preserved; invalid=n/a	none	DOC11@38144; src/clrmamepro.rs:parse_header; current cmp_header_facts.name -> clrmamepro_headers.name; Exact CMP field, sample and comment keys
clrmamepro	clrmamepro_headers	1	description	clrmamepro_headers	description	clrmamepro_header_field_positions	optional; absent=NULL/no position; empty preserved; invalid=n/a	none	DOC11@38144; src/clrmamepro.rs:parse_header; current cmp_header_facts.description -> clrmamepro_headers.description; Exact CMP field, sample and comment keys
clrmamepro	clrmamepro_headers	2	version	clrmamepro_headers	version	clrmamepro_header_field_positions	optional; absent=NULL/no position; empty preserved; invalid=n/a	none	DOC11@38144; src/clrmamepro.rs:parse_header; current cmp_header_facts.version -> clrmamepro_headers.version; Exact CMP field, sample and comment keys
clrmamepro	clrmamepro_headers	3	date	clrmamepro_headers	date	clrmamepro_header_field_positions	optional; absent=NULL/no position; empty preserved; invalid=n/a	none	DOC11@38144; src/clrmamepro.rs:parse_header; current cmp_header_facts.date -> clrmamepro_headers.date; Exact CMP field, sample and comment keys
clrmamepro	clrmamepro_headers	4	author	clrmamepro_headers	author	clrmamepro_header_field_positions	optional; absent=NULL/no position; empty preserved; invalid=n/a	none	DOC11@38144; src/clrmamepro.rs:parse_header; current cmp_header_facts.author -> clrmamepro_headers.author; Exact CMP field, sample and comment keys
clrmamepro	clrmamepro_headers	5	email	clrmamepro_headers	email	clrmamepro_header_field_positions	optional; absent=NULL/no position; empty preserved; invalid=n/a	none	DOC11@38144; src/clrmamepro.rs:parse_header; current cmp_header_facts.email -> clrmamepro_headers.email; Exact CMP field, sample and comment keys
clrmamepro	clrmamepro_headers	6	homepage	clrmamepro_headers	homepage	clrmamepro_header_field_positions	optional; absent=NULL/no position; empty preserved; invalid=n/a	none	DOC11@38144; src/clrmamepro.rs:parse_header; current cmp_header_facts.homepage -> clrmamepro_headers.homepage; Exact CMP field, sample and comment keys
clrmamepro	clrmamepro_headers	7	url	clrmamepro_headers	url	clrmamepro_header_field_positions	optional; absent=NULL/no position; empty preserved; invalid=n/a	none	DOC11@38144; src/clrmamepro.rs:parse_header; current cmp_header_facts.url -> clrmamepro_headers.url; Exact CMP field, sample and comment keys
clrmamepro	clrmamepro_headers	8	comment	clrmamepro_headers	comment	clrmamepro_header_field_positions	optional; absent=NULL/no position; empty preserved; invalid=n/a	none	DOC11@38144; src/clrmamepro.rs:parse_header; current cmp_header_facts.comment -> clrmamepro_headers.comment; Exact CMP field, sample and comment keys
clrmamepro	clrmamepro_headers	9	category	clrmamepro_headers	category	clrmamepro_header_field_positions	optional; absent=NULL/no position; empty preserved; invalid=n/a	none	DOC11@38144; src/clrmamepro.rs:parse_header; current cmp_header_facts.category -> clrmamepro_headers.category; Exact CMP field, sample and comment keys
clrmamepro	clrmamepro_headers	10	header	clrmamepro_header_options	header_definition	clrmamepro_header_field_positions	optional; absent=NULL/no position; empty preserved; invalid=n/a	none	DOC11@38144; src/clrmamepro.rs:parse_header; current cmp_header_directives.header_definition -> clrmamepro_header_options.header_definition; current cmp_header_directives.header_definition; Exact CMP field, sample and comment keys
clrmamepro	clrmamepro_headers	11	forcemerging	clrmamepro_header_options	forcemerging	clrmamepro_header_field_positions	optional; absent=NULL/no position; empty preserved; invalid=n/a	recognized none/split/full -> virtual forcemerging_effective; unknown/empty preserved with NULL effective	DOC11@38144; src/clrmamepro.rs:parse_header; current cmp_header_directives.forcemerging -> clrmamepro_header_options.forcemerging; Exact CMP field, sample and comment keys
clrmamepro	clrmamepro_headers	12	forcezipping	clrmamepro_header_options	forcezipping	clrmamepro_header_field_positions	optional; absent=NULL/no position; empty preserved; invalid=n/a	recognized zip/unzip -> virtual forcezipping_effective; unknown/empty preserved with NULL effective	DOC11@38144; src/clrmamepro.rs:parse_header; current cmp_header_directives.forcezipping -> clrmamepro_header_options.forcezipping; Exact CMP field, sample and comment keys
clrmamepro	clrmamepro_headers	13	forcepacking	clrmamepro_header_options	forcepacking	clrmamepro_header_field_positions	optional; absent=NULL/no position; empty preserved; invalid=n/a	none; uninterpreted text incl empty	DOC11@38144; src/clrmamepro.rs:parse_header; current cmp_header_directives.forcepacking -> clrmamepro_header_options.forcepacking; Exact CMP field, sample and comment keys
clrmamepro	clrmamepro_headers	14	forcenodump	clrmamepro_header_options	forcenodump	clrmamepro_header_field_positions	optional; absent=NULL/no position; empty preserved; invalid=n/a	present header plus omitted field -> virtual obsolete; explicit obsolete retains position; unknown/empty -> NULL effective; absent header -> no facet	DOC11@38144; src/clrmamepro.rs:parse_header; current cmp_header_directives.forcenodump -> clrmamepro_header_options.forcenodump; Exact CMP field, sample and comment keys
clrmamepro	clrmamepro_sets	0	name	catalog_sets	set_name	clrmamepro_set_field_positions	required; empty preserved; invalid=n/a; missing rejects	none	DOC11@38144; src/clrmamepro.rs:parse_set_facts; current catalog_sets.set_name -> catalog_sets.set_name; Exact CMP field, sample and comment keys
clrmamepro	clrmamepro_sets	1	cloneof	clrmamepro_set_links	target_name	clrmamepro_set_field_positions	optional; absent=no link row/no position; empty preserved; invalid=n/a	none; link_kind=cloneof; position.relationship_id matches native	DOC11@38144; src/clrmamepro.rs:parse_set_facts; current clrmamepro_set_links.target_name(link_kind=cloneof) -> clrmamepro_set_links.target_name; Exact CMP field, sample and comment keys
clrmamepro	clrmamepro_sets	2	description	clrmamepro_sets	description	clrmamepro_set_field_positions	optional; absent=NULL/no position; empty preserved; invalid=n/a	none	DOC11@38144; src/clrmamepro.rs:parse_set_facts; current cmp_set_facts.description -> clrmamepro_sets.description; Exact CMP field, sample and comment keys
clrmamepro	clrmamepro_sets	3	year	clrmamepro_sets	year	clrmamepro_set_field_positions	optional; absent=NULL/no position; empty preserved; invalid=n/a	none	DOC11@38144; src/clrmamepro.rs:parse_set_facts; current cmp_set_facts.year -> clrmamepro_sets.year; Exact CMP field, sample and comment keys
clrmamepro	clrmamepro_sets	4	manufacturer	clrmamepro_sets	manufacturer	clrmamepro_set_field_positions	optional; absent=NULL/no position; empty preserved; invalid=n/a	none	DOC11@38144; src/clrmamepro.rs:parse_set_facts; current cmp_set_facts.manufacturer -> clrmamepro_sets.manufacturer; Exact CMP field, sample and comment keys
clrmamepro	clrmamepro_sets	5	rebuildto	clrmamepro_sets	rebuildto	clrmamepro_set_field_positions	optional; absent=NULL/no position; empty preserved; invalid=n/a	none	DOC11@38144; src/clrmamepro.rs:parse_set_facts; current cmp_set_facts.rebuildto -> clrmamepro_sets.rebuildto; Exact CMP field, sample and comment keys
clrmamepro	clrmamepro_sets	6	sampleof	clrmamepro_set_links	target_name	clrmamepro_set_field_positions	optional; absent=no link row/no position; empty preserved; invalid=n/a	none; link_kind=sampleof; position.relationship_id matches native	DOC11@38144; src/clrmamepro.rs:parse_set_facts; current clrmamepro_set_links.target_name(link_kind=sampleof) -> clrmamepro_set_links.target_name; Exact CMP field, sample and comment keys
clrmamepro	clrmamepro_sets	7	region	clrmamepro_sets	region	clrmamepro_set_field_positions	optional; absent=NULL/no position; empty preserved; invalid=n/a	none	DOC11@38144; src/clrmamepro.rs:parse_set_facts; current cmp_set_facts.region -> clrmamepro_sets.region; Exact CMP field, sample and comment keys
clrmamepro	clrmamepro_sets	8	releaseyear	clrmamepro_sets	releaseyear	clrmamepro_set_field_positions	optional; absent=NULL/no position; empty preserved; invalid=n/a	none; no calendar validation	DOC11@38144; src/clrmamepro.rs:parse_set_facts; current cmp_set_facts.release_year_text -> clrmamepro_sets.releaseyear; current cmp_set_facts.release_year_text -> releaseyear; Exact CMP field, sample and comment keys
clrmamepro	clrmamepro_sets	9	releasemonth	clrmamepro_sets	releasemonth	clrmamepro_set_field_positions	optional; absent=NULL/no position; empty preserved; invalid=n/a	none; no calendar validation	DOC11@38144; src/clrmamepro.rs:parse_set_facts; current cmp_set_facts.release_month_text -> clrmamepro_sets.releasemonth; current cmp_set_facts.release_month_text -> releasemonth; Exact CMP field, sample and comment keys
clrmamepro	clrmamepro_sets	10	releaseday	clrmamepro_sets	releaseday	clrmamepro_set_field_positions	optional; absent=NULL/no position; empty preserved; invalid=n/a	none; no calendar validation	DOC11@38144; src/clrmamepro.rs:parse_set_facts; current cmp_set_facts.release_day_text -> clrmamepro_sets.releaseday; current cmp_set_facts.release_day_text -> releaseday; Exact CMP field, sample and comment keys
clrmamepro	clrmamepro_sets	11	serial	clrmamepro_sets	serial	clrmamepro_set_field_positions	optional; absent=NULL/no position; empty preserved; invalid=n/a	none	DOC11@38144; src/clrmamepro.rs:parse_set_facts; current cmp_set_facts.serial -> clrmamepro_sets.serial; Exact CMP field, sample and comment keys
clrmamepro	clrmamepro_roms	0	name	clrmamepro_roms	name	clrmamepro_rom_field_positions	required; empty preserved; invalid=n/a; missing rejects	none	DOC11@38144; src/clrmamepro.rs:parse_asset_facts; current cmp_rom_claims.name -> clrmamepro_roms.name; Exact CMP field, sample and comment keys
clrmamepro	clrmamepro_roms	1	size	clrmamepro_roms	size_text	clrmamepro_rom_field_positions	optional; absent=NULL/no position; empty/invalid/overflow reject	none; nonempty ASCII decimal 0..i64MAX; leading zeros retained; virtual size_value	DOC11@38144; src/clrmamepro.rs:parse_asset_facts; current cmp_rom_claims.size_text -> clrmamepro_roms.size_text; Exact CMP field, sample and comment keys
clrmamepro	clrmamepro_roms	2	crc	catalog_entry_hashes	presence,hash_id,reported_text	clrmamepro_rom_field_positions	optional; absent=no declaration/position; present valid only; empty/invalid reject	none; 8 ASCII hex digits -> hash_values via hash_id; source_hash_field=crc; crc/crc32 separate declarations	DOC11@38144; src/clrmamepro.rs:parse_asset_facts; current cmp_rom_claims.crc_text -> catalog_entry_hashes.presence,hash_id,reported_text; src/clrmamepro.rs:AssetFacts.crc; current cmp_rom_claims.crc_text; Exact CMP field, sample and comment keys
clrmamepro	clrmamepro_roms	3	crc32	catalog_entry_hashes	presence,hash_id,reported_text	clrmamepro_rom_field_positions	optional; absent=no declaration/position; present valid only; empty/invalid reject	none; 8 ASCII hex digits -> hash_values via hash_id; source_hash_field=crc32; crc/crc32 separate declarations	DOC11@38144; src/clrmamepro.rs:parse_asset_facts; current cmp_rom_claims.crc32_text -> catalog_entry_hashes.presence,hash_id,reported_text; src/clrmamepro.rs:AssetFacts.crc32; current cmp_rom_claims.crc32_text; Exact CMP field, sample and comment keys
clrmamepro	clrmamepro_roms	4	md5	catalog_entry_hashes	presence,hash_id,reported_text	clrmamepro_rom_field_positions	optional; absent=no declaration/position; present valid only; empty/invalid reject	none; 32 ASCII hex digits -> hash_values via hash_id; source_hash_field=md5; crc/crc32 separate declarations	DOC11@38144; src/clrmamepro.rs:parse_asset_facts; current cmp_rom_claims.md5_text -> catalog_entry_hashes.presence,hash_id,reported_text; src/clrmamepro.rs:AssetFacts.md5; current cmp_rom_claims.md5_text; Exact CMP field, sample and comment keys
clrmamepro	clrmamepro_roms	5	sha1	catalog_entry_hashes	presence,hash_id,reported_text	clrmamepro_rom_field_positions	optional; absent=no declaration/position; present valid only; empty/invalid reject	none; 40 ASCII hex digits -> hash_values via hash_id; source_hash_field=sha1; crc/crc32 separate declarations	DOC11@38144; src/clrmamepro.rs:parse_asset_facts; current cmp_rom_claims.sha1_text -> catalog_entry_hashes.presence,hash_id,reported_text; src/clrmamepro.rs:AssetFacts.sha1; current cmp_rom_claims.sha1_text; Exact CMP field, sample and comment keys
clrmamepro	clrmamepro_roms	6	merge	clrmamepro_rom_merges	merge_name	clrmamepro_rom_field_positions	optional; absent=no facet/no position; empty preserved; invalid=n/a	none; position.relationship_id matches native	DOC11@38144; src/clrmamepro.rs:parse_asset_facts; current clrmamepro_rom_merges.merge_name -> clrmamepro_rom_merges.merge_name; Exact CMP field, sample and comment keys
clrmamepro	clrmamepro_roms	7	date	clrmamepro_rom_details	date	clrmamepro_rom_field_positions	optional; absent=NULL/no position; empty preserved; invalid=n/a	none	DOC11@38144; src/clrmamepro.rs:parse_asset_facts; current cmp_rom_claims.date -> clrmamepro_rom_details.date; Exact CMP field, sample and comment keys
clrmamepro	clrmamepro_roms	8	serial	clrmamepro_rom_details	serial	clrmamepro_rom_field_positions	optional; absent=NULL/no position; empty preserved; invalid=n/a	none	DOC11@38144; src/clrmamepro.rs:parse_asset_facts; current cmp_rom_claims.serial -> clrmamepro_rom_details.serial; Exact CMP field, sample and comment keys
clrmamepro	clrmamepro_roms	9	status	clrmamepro_rom_details	status_text	clrmamepro_rom_field_positions	optional; absent=NULL/no position; empty preserved; invalid=n/a	no status/flags -> no effective status; status alone exact text; any flag plus status -> conflict	DOC11@38144; src/clrmamepro.rs:parse_asset_facts; current cmp_rom_claims.status_text -> clrmamepro_rom_details.status_text; src/clrmamepro.rs:AssetFacts.status_field -> typed detail; Exact CMP field, sample and comment keys
clrmamepro	clrmamepro_roms	10	nodump	clrmamepro_rom_field_positions	field_kind	clrmamepro_rom_field_positions	optional keyword-only flag; absent=no position; present=no value token; duplicate rejects	none; sole flag -> nodump; both flags or status plus flag -> conflict; no stored effective status	DOC11@38144; src/clrmamepro.rs:parse_asset_facts; current cmp_rom_claims.nodump_present -> clrmamepro_rom_field_positions.field_kind; src/clrmamepro.rs:AssetFacts.nodump; no value/presence-bit duplicate; Exact CMP field, sample and comment keys
clrmamepro	clrmamepro_roms	11	baddump	clrmamepro_rom_field_positions	field_kind	clrmamepro_rom_field_positions	optional keyword-only flag; absent=no position; present=no value token; duplicate rejects	none; sole flag -> baddump; both flags or status plus flag -> conflict; no stored effective status	DOC11@38144; src/clrmamepro.rs:parse_asset_facts; current cmp_rom_claims.baddump_present -> clrmamepro_rom_field_positions.field_kind; src/clrmamepro.rs:AssetFacts.baddump; no value/presence-bit duplicate; Exact CMP field, sample and comment keys
clrmamepro	clrmamepro_samples	sample	sample	clrmamepro_samples	sample_name	-	optional repeated scalar; absent=no media row; empty preserved; invalid=n/a	none; one media ID; source_field retains keyword case; Keyword/Value coordinates on native owner	DOC11@38144; Exact CMP field, sample and comment keys; src/clrmamepro.rs:parse_set_facts.samples/FieldValue.value; current cmp_samples.sample_name -> clrmamepro_samples.sample_name; not set field code
clrmamepro	clrmamepro_comments	comment	;comment	clrmamepro_comments	comment_text	-	optional repeated document annotation; absent=no row; exact comment text incl empty body	none; coordinate order only; no syntax parent/source_order/rank	DOC11@38144; Current CMP comment-capture boundary; Exact CMP keys; current cmp_comments.text -> global comment_id
clrmamepro	clrmamepro_headers	form	clrmamepro	clrmamepro_headers	source_block	-	required form keyword when owner exists; original case retained; wrong form rejects	none; lexical form fact, not scalar field code	DOC11@38144; Exact CMP keys; src/clrmamepro.rs:reader::read_with/parse_header/parse_set_facts; current cmp_header_facts.source_block
clrmamepro	clrmamepro_sets	form	game|set	clrmamepro_sets	source_block	-	required form keyword when owner exists; original case retained; wrong form rejects	none; lexical form fact, not scalar field code	DOC11@38144; Exact CMP keys; src/clrmamepro.rs:reader::read_with/parse_header/parse_set_facts; current cmp_set_facts.source_block
