family	counter	table	key	scope_sql	source_event
mame	machine_count	mame_machines	set_id	(SELECT source.edition_id FROM catalog_source_elements AS source WHERE source.source_element_id=owner.set_id)	mame.parse_record:machine
mame	machine_text_element_count	mame_machine_text_elements	source_element_id	(SELECT source.edition_id FROM catalog_source_elements AS source WHERE source.source_element_id=owner.source_element_id)	mame.parse_machine_children:description|year|manufacturer
mame	bios_set_count	mame_bios_sets	source_element_id	(SELECT source.edition_id FROM catalog_source_elements AS source WHERE source.source_element_id=owner.source_element_id)	mame.parse_machine_children:bios
mame	rom_count	mame_roms	media_entry_id	(SELECT source.edition_id FROM catalog_source_elements AS source WHERE source.source_element_id=owner.media_entry_id)	mame.parse_machine_children:rom
mame	disk_count	mame_disks	media_entry_id	(SELECT source.edition_id FROM catalog_source_elements AS source WHERE source.source_element_id=owner.media_entry_id)	mame.parse_machine_children:disk
mame	sample_count	mame_samples	media_entry_id	(SELECT source.edition_id FROM catalog_source_elements AS source WHERE source.source_element_id=owner.media_entry_id)	mame.parse_machine_children:sample
mame	device_reference_count	mame_device_references	source_element_id	(SELECT source.edition_id FROM catalog_source_elements AS source WHERE source.source_element_id=owner.source_element_id)	mame.parse_machine_children:device_ref
mame	chip_count	mame_chips	source_element_id	(SELECT source.edition_id FROM catalog_source_elements AS source WHERE source.source_element_id=owner.source_element_id)	mame.parse_machine_specification:chip
mame	display_count	mame_displays	source_element_id	(SELECT source.edition_id FROM catalog_source_elements AS source WHERE source.source_element_id=owner.source_element_id)	mame.parse_machine_specification:display
mame	sound_count	mame_sound	source_element_id	(SELECT source.edition_id FROM catalog_source_elements AS source WHERE source.source_element_id=owner.source_element_id)	mame.parse_machine_specification:sound
mame	input_count	mame_inputs	source_element_id	(SELECT source.edition_id FROM catalog_source_elements AS source WHERE source.source_element_id=owner.source_element_id)	mame.parse_machine_specification:input
mame	input_control_count	mame_input_controls	source_element_id	(SELECT source.edition_id FROM catalog_source_elements AS source WHERE source.source_element_id=owner.source_element_id)	mame.parse_machine_specification:input_control
mame	switch_count	mame_switches	source_element_id	(SELECT source.edition_id FROM catalog_source_elements AS source WHERE source.source_element_id=owner.source_element_id)	mame.parse_machine_children:dipswitch|configuration
mame	switch_location_count	mame_switch_locations	source_element_id	(SELECT source.edition_id FROM catalog_source_elements AS source WHERE source.source_element_id=owner.source_element_id)	mame.parse_machine_switch:location
mame	switch_value_count	mame_switch_values	source_element_id	(SELECT source.edition_id FROM catalog_source_elements AS source WHERE source.source_element_id=owner.source_element_id)	mame.parse_machine_switch:dipvalue|confsetting
mame	switch_condition_count	mame_switch_conditions	source_element_id	(SELECT source.edition_id FROM catalog_source_elements AS source WHERE source.source_element_id=owner.source_element_id)	mame.specification.parse_condition:switch
mame	switch_value_condition_count	mame_switch_value_conditions	source_element_id	(SELECT source.edition_id FROM catalog_source_elements AS source WHERE source.source_element_id=owner.source_element_id)	mame.specification.parse_condition:switch_value
mame	adjuster_count	mame_adjusters	source_element_id	(SELECT source.edition_id FROM catalog_source_elements AS source WHERE source.source_element_id=owner.source_element_id)	mame.parse_machine_specification:adjuster
mame	adjuster_condition_count	mame_adjuster_conditions	source_element_id	(SELECT source.edition_id FROM catalog_source_elements AS source WHERE source.source_element_id=owner.source_element_id)	mame.specification.parse_condition:adjuster
mame	port_count	mame_ports	source_element_id	(SELECT source.edition_id FROM catalog_source_elements AS source WHERE source.source_element_id=owner.source_element_id)	mame.parse_machine_specification:port
mame	analog_count	mame_analogs	source_element_id	(SELECT source.edition_id FROM catalog_source_elements AS source WHERE source.source_element_id=owner.source_element_id)	mame.parse_machine_specification:analog
mame	driver_count	mame_drivers	source_element_id	(SELECT source.edition_id FROM catalog_source_elements AS source WHERE source.source_element_id=owner.source_element_id)	mame.parse_machine_specification:driver
mame	feature_count	mame_features	source_element_id	(SELECT source.edition_id FROM catalog_source_elements AS source WHERE source.source_element_id=owner.source_element_id)	mame.parse_machine_specification:feature
mame	device_count	mame_devices	source_element_id	(SELECT source.edition_id FROM catalog_source_elements AS source WHERE source.source_element_id=owner.source_element_id)	mame.parse_machine_specification:device
mame	device_instance_count	mame_device_instances	source_element_id	(SELECT source.edition_id FROM catalog_source_elements AS source WHERE source.source_element_id=owner.source_element_id)	mame.parse_machine_specification:instance
mame	device_extension_count	mame_device_extensions	source_element_id	(SELECT source.edition_id FROM catalog_source_elements AS source WHERE source.source_element_id=owner.source_element_id)	mame.parse_machine_specification:extension
mame	slot_count	mame_slots	source_element_id	(SELECT source.edition_id FROM catalog_source_elements AS source WHERE source.source_element_id=owner.source_element_id)	mame.parse_machine_specification:slot
mame	slot_option_count	mame_slot_options	source_element_id	(SELECT source.edition_id FROM catalog_source_elements AS source WHERE source.source_element_id=owner.source_element_id)	mame.parse_machine_specification:slot_option
mame	softwarelist_reference_count	mame_softwarelist_references	source_element_id	(SELECT source.edition_id FROM catalog_source_elements AS source WHERE source.source_element_id=owner.source_element_id)	mame.parse_machine_specification:softwarelist
mame	ram_option_count	mame_ram_options	source_element_id	(SELECT source.edition_id FROM catalog_source_elements AS source WHERE source.source_element_id=owner.source_element_id)	mame.parse_machine_specification:ramoption
mame	machine_switch_condition_attribute_position_count	machine_switch_conditions_attribute_positions	source_element_id	(SELECT source.edition_id FROM catalog_source_elements AS source WHERE source.source_element_id=owner.source_element_id)	mame.attributes.select:condition
mame	machine_switch_location_attribute_position_count	machine_switch_locations_attribute_positions	source_element_id	(SELECT source.edition_id FROM catalog_source_elements AS source WHERE source.source_element_id=owner.source_element_id)	mame.attributes.select:location
mame	machine_switch_value_condition_attribute_position_count	machine_switch_value_conditions_attribute_positions	source_element_id	(SELECT source.edition_id FROM catalog_source_elements AS source WHERE source.source_element_id=owner.source_element_id)	mame.attributes.select:condition
mame	machine_switch_value_attribute_position_count	machine_switch_values_attribute_positions	source_element_id	(SELECT source.edition_id FROM catalog_source_elements AS source WHERE source.source_element_id=owner.source_element_id)	mame.attributes.select:dipvalue|confsetting
mame	machine_switch_attribute_position_count	machine_switches_attribute_positions	source_element_id	(SELECT source.edition_id FROM catalog_source_elements AS source WHERE source.source_element_id=owner.source_element_id)	mame.attributes.select:dipswitch|configuration
mame	bios_set_attribute_position_count	mame_bios_sets_attribute_positions	source_element_id	(SELECT source.edition_id FROM catalog_source_elements AS source WHERE source.source_element_id=owner.source_element_id)	mame.attributes.select:bios
mame	device_reference_attribute_position_count	mame_device_references_attribute_positions	source_element_id	(SELECT source.edition_id FROM catalog_source_elements AS source WHERE source.source_element_id=owner.source_element_id)	mame.attributes.select:device_ref
mame	disk_attribute_position_count	mame_disk_claims_attribute_positions	media_entry_id	(SELECT source.edition_id FROM catalog_source_elements AS source WHERE source.source_element_id=owner.media_entry_id)	mame.attributes.select:disk
mame	disk_compatibility_attribute_position_count	mame_disk_compatibility_attribute_positions	media_entry_id	(SELECT source.edition_id FROM catalog_source_elements AS source WHERE source.source_element_id=owner.media_entry_id)	mame.attributes.select:disk_compatibility
mame	rom_attribute_position_count	mame_rom_claims_attribute_positions	media_entry_id	(SELECT source.edition_id FROM catalog_source_elements AS source WHERE source.source_element_id=owner.media_entry_id)	mame.attributes.select:rom
mame	rom_compatibility_attribute_position_count	mame_rom_compatibility_attribute_positions	media_entry_id	(SELECT source.edition_id FROM catalog_source_elements AS source WHERE source.source_element_id=owner.media_entry_id)	mame.attributes.select:rom_compatibility
mame	document_attribute_position_count	mame_document_facts_attribute_positions	edition_id	owner.edition_id	mame.attributes.select:document
mame	adjuster_condition_attribute_position_count	mame_machine_adjuster_conditions_attribute_positions	source_element_id	(SELECT source.edition_id FROM catalog_source_elements AS source WHERE source.source_element_id=owner.source_element_id)	mame.attributes.select:condition
mame	adjuster_attribute_position_count	mame_machine_adjusters_attribute_positions	source_element_id	(SELECT source.edition_id FROM catalog_source_elements AS source WHERE source.source_element_id=owner.source_element_id)	mame.attributes.select:adjuster
mame	analog_attribute_position_count	mame_machine_analogs_attribute_positions	source_element_id	(SELECT source.edition_id FROM catalog_source_elements AS source WHERE source.source_element_id=owner.source_element_id)	mame.attributes.select:analog
mame	chip_attribute_position_count	mame_machine_chips_attribute_positions	source_element_id	(SELECT source.edition_id FROM catalog_source_elements AS source WHERE source.source_element_id=owner.source_element_id)	mame.attributes.select:chip
mame	display_attribute_position_count	mame_machine_displays_attribute_positions	source_element_id	(SELECT source.edition_id FROM catalog_source_elements AS source WHERE source.source_element_id=owner.source_element_id)	mame.attributes.select:display
mame	device_extension_attribute_position_count	mame_machine_device_extensions_attribute_positions	source_element_id	(SELECT source.edition_id FROM catalog_source_elements AS source WHERE source.source_element_id=owner.source_element_id)	mame.attributes.select:device_extension
mame	device_instance_attribute_position_count	mame_machine_device_instances_attribute_positions	source_element_id	(SELECT source.edition_id FROM catalog_source_elements AS source WHERE source.source_element_id=owner.source_element_id)	mame.attributes.select:device_instance
mame	device_attribute_position_count	mame_machine_devices_attribute_positions	source_element_id	(SELECT source.edition_id FROM catalog_source_elements AS source WHERE source.source_element_id=owner.source_element_id)	mame.attributes.select:device
mame	driver_attribute_position_count	mame_machine_drivers_attribute_positions	source_element_id	(SELECT source.edition_id FROM catalog_source_elements AS source WHERE source.source_element_id=owner.source_element_id)	mame.attributes.select:driver
mame	feature_attribute_position_count	mame_machine_features_attribute_positions	source_element_id	(SELECT source.edition_id FROM catalog_source_elements AS source WHERE source.source_element_id=owner.source_element_id)	mame.attributes.select:feature
mame	input_control_attribute_position_count	mame_machine_input_controls_attribute_positions	source_element_id	(SELECT source.edition_id FROM catalog_source_elements AS source WHERE source.source_element_id=owner.source_element_id)	mame.attributes.select:input_control
mame	input_attribute_position_count	mame_machine_inputs_attribute_positions	source_element_id	(SELECT source.edition_id FROM catalog_source_elements AS source WHERE source.source_element_id=owner.source_element_id)	mame.attributes.select:input
mame	machine_compatibility_attribute_position_count	mame_machine_compatibility_attribute_positions	set_id	(SELECT source.edition_id FROM catalog_source_elements AS source WHERE source.source_element_id=owner.set_id)	mame.attributes.select:machine_compatibility
mame	machine_attribute_position_count	mame_machines_attribute_positions	set_id	(SELECT source.edition_id FROM catalog_source_elements AS source WHERE source.source_element_id=owner.set_id)	mame.attributes.select:machine
mame	port_attribute_position_count	mame_machine_ports_attribute_positions	source_element_id	(SELECT source.edition_id FROM catalog_source_elements AS source WHERE source.source_element_id=owner.source_element_id)	mame.attributes.select:port
mame	ram_option_attribute_position_count	mame_machine_ram_options_attribute_positions	source_element_id	(SELECT source.edition_id FROM catalog_source_elements AS source WHERE source.source_element_id=owner.source_element_id)	mame.attributes.select:ramoption
mame	slot_option_attribute_position_count	mame_machine_slot_options_attribute_positions	source_element_id	(SELECT source.edition_id FROM catalog_source_elements AS source WHERE source.source_element_id=owner.source_element_id)	mame.attributes.select:slot_option
mame	slot_attribute_position_count	mame_machine_slots_attribute_positions	source_element_id	(SELECT source.edition_id FROM catalog_source_elements AS source WHERE source.source_element_id=owner.source_element_id)	mame.attributes.select:slot
mame	softwarelist_reference_attribute_position_count	mame_machine_software_lists_attribute_positions	source_element_id	(SELECT source.edition_id FROM catalog_source_elements AS source WHERE source.source_element_id=owner.source_element_id)	mame.attributes.select:softwarelist
mame	sample_attribute_position_count	mame_samples_attribute_positions	media_entry_id	(SELECT source.edition_id FROM catalog_source_elements AS source WHERE source.source_element_id=owner.media_entry_id)	mame.attributes.select:sample
mame	sound_attribute_position_count	mame_machine_sounds_attribute_positions	source_element_id	(SELECT source.edition_id FROM catalog_source_elements AS source WHERE source.source_element_id=owner.source_element_id)	mame.attributes.select:sound
