table	owner_column	code_column	field_code	source_hash_field	occurrence_column
no_intro_dat_rom_field_positions	media_entry_id	field_kind	crc	crc	field_occurrence
no_intro_dat_rom_field_positions	media_entry_id	field_kind	md5	md5	field_occurrence
no_intro_dat_rom_field_positions	media_entry_id	field_kind	sha1	sha1	field_occurrence
no_intro_dat_rom_field_positions	media_entry_id	field_kind	sha256	sha256	field_occurrence
no_intro_pc_rom_attribute_positions	source_element_id	field_kind	crc	crc	field_occurrence
no_intro_pc_rom_attribute_positions	source_element_id	field_kind	md5	md5	field_occurrence
no_intro_pc_rom_attribute_positions	source_element_id	field_kind	sha1	sha1	field_occurrence
no_intro_dump_file_field_positions	media_entry_id	field_kind	crc32	crc32	field_occurrence
no_intro_dump_file_field_positions	media_entry_id	field_kind	md5	md5	field_occurrence
no_intro_dump_file_field_positions	media_entry_id	field_kind	sha1	sha1	field_occurrence
no_intro_dump_file_field_positions	media_entry_id	field_kind	sha256	sha256	field_occurrence
no_intro_dump_file_field_positions	media_entry_id	field_kind	origin_sha256	origin_sha256	field_occurrence
no_intro_release_file_field_positions	media_entry_id	field_kind	crc32	crc32	field_occurrence
no_intro_release_file_field_positions	media_entry_id	field_kind	md5	md5	field_occurrence
no_intro_release_file_field_positions	media_entry_id	field_kind	sha1	sha1	field_occurrence
no_intro_release_file_field_positions	media_entry_id	field_kind	sha256	sha256	field_occurrence
