kind	declaration_table	declaration_owner	link_kind	position_table	position_owner	field_code	marker_table
mame_cloneof	mame_machine_links	machine_id	cloneof	mame_machines_attribute_positions	set_id	cloneof	-
mame_romof	mame_machine_links	machine_id	romof	mame_machines_attribute_positions	set_id	romof	-
mame_sampleof	mame_machine_links	machine_id	sampleof	mame_machines_attribute_positions	set_id	sampleof	-
mame_device_ref	mame_device_references	source_element_id	-	mame_device_references_attribute_positions	source_element_id	name	-
mame_rom_merge	mame_rom_merges	media_entry_id	-	mame_rom_claims_attribute_positions	media_entry_id	merge	-
mame_disk_merge	mame_disk_merges	media_entry_id	-	mame_disk_claims_attribute_positions	media_entry_id	merge	-
logiqx_cloneof	logiqx_set_links	set_id	cloneof	logiqx_game_attribute_positions	set_id	3	-
logiqx_romof	logiqx_set_links	set_id	romof	logiqx_game_attribute_positions	set_id	4	-
logiqx_sampleof	logiqx_set_links	set_id	sampleof	logiqx_game_attribute_positions	set_id	5	-
logiqx_device_ref	logiqx_device_references	source_element_id	-	logiqx_device_reference_attribute_positions	source_element_id	0	-
logiqx_rom_merge	logiqx_rom_merges	media_entry_id	-	logiqx_rom_attribute_positions	media_entry_id	5	-
logiqx_disk_merge	logiqx_disk_merges	media_entry_id	-	logiqx_disk_attribute_positions	media_entry_id	3	-
clrmamepro_cloneof	clrmamepro_set_links	set_id	cloneof	clrmamepro_set_field_positions	set_id	1	-
clrmamepro_sampleof	clrmamepro_set_links	set_id	sampleof	clrmamepro_set_field_positions	set_id	6	-
clrmamepro_rom_merge	clrmamepro_rom_merges	media_entry_id	-	clrmamepro_rom_field_positions	media_entry_id	6	-
software_cloneof	software_clone_links	set_id	-	software_title_attribute_positions	set_id	1	-
no_intro_dat_cloneof	no_intro_dat_set_links	set_id	cloneof	no_intro_dat_game_field_positions	set_id	cloneof	-
no_intro_dat_cloneofid	no_intro_dat_set_links	set_id	cloneofid	no_intro_dat_game_field_positions	set_id	cloneofid	-
no_intro_database_archive_clone	no_intro_archive_clone_links	archive_id	-	no_intro_archive_field_positions	archive_id	clone	no_intro_archive_clone_markers
no_intro_database_archive_mergeof	no_intro_archive_merge_links	archive_id	-	no_intro_archive_field_positions	archive_id	mergeof	-
no_intro_pc_clone	no_intro_pc_clone_links	set_id	-	no_intro_pc_game_attribute_positions	source_element_id	clone	no_intro_pc_clone_markers
no_intro_pc_mergeof	no_intro_pc_merge_links	set_id	-	no_intro_pc_game_attribute_positions	source_element_id	mergeof	-
