kind	table	id	parent_table	parent_column	parent_key	sequence	media
software_list_wrapper_entry	software_list_wrapper_entries	source_element_id	software_wrapper_headers	wrapper_id	wrapper_id	wrapper_lists	0
software_item	software_titles	set_id	catalog_sets	set_id	set_id		0
software_list_notes	software_list_notes	source_element_id	software_lists	set_group_id	set_group_id	list_children	0
software_title_text_element	software_title_text_elements	source_element_id	software_titles	set_id	set_id	title_children	0
software_title_info	software_title_info	source_element_id	software_titles	set_id	set_id	title_children	0
software_shared_feature	software_shared_features	source_element_id	software_titles	set_id	set_id	title_children	0
software_part	software_parts	part_id	software_titles	set_id	set_id	title_children	0
software_part_feature	software_part_features	source_element_id	software_parts	part_id	part_id	part_children	0
software_part_switch	software_part_switches	switch_id	software_parts	part_id	part_id	part_children	0
software_part_switch_value	software_part_switch_values	source_element_id	software_part_switches	switch_id	switch_id	switch_values	0
software_area	software_areas	area_id	software_parts	part_id	part_id	part_children	0
software_rom_entry	software_rom_load_entries	media_entry_id	software_data_areas	data_area_id	area_id	data_area_entries	1
software_disk_entry	software_disks	media_entry_id	software_disk_areas	disk_area_id	area_id	disk_area_entries	1
